,WWUStatus,Gender,Age,EmploymentStatus,Vision,Religiosity,AOS,EnjoysBoardGames,BoardGamesOwned,FrequencyOfPlay,Style,EnjoyedBoardGames,ChessRating,AsianIsRace,BlackorAfricanAmericanIsRace,FilipinoIsRace,HispanicorLatinoIsRace,NativeAmericanorAmericanIndianIsRace,NativeHawaiianorPacificIslanderIsRace,PrefernottosayIsRace,WhiteIsRace,Conflict/CompetitionIsPreferredElement,CooperationIsPreferredElement,Heavy/ImmersiveThemingIsPreferredElement,LuckIsPreferredElement,Party/Low-StakesIsPreferredElement,Puzzle-SolvingIsPreferredElement,SocialDeduction/HiddenRoleIsPreferredElement,StrategyIsPreferredElement,TriviaIsPreferredElement,AbstractStrategyIsEnjoyedGenre,AdventureIsEnjoyedGenre,AnimalsIsEnjoyedGenre,AuctionIsEnjoyedGenre,CardIsEnjoyedGenre,CardDraftingIsEnjoyedGenre,CivilizationIsEnjoyedGenre,CooperativeIsEnjoyedGenre,Deck-BuildingIsEnjoyedGenre,DeductionIsEnjoyedGenre,EconomicIsEnjoyedGenre,EducationalIsEnjoyedGenre,ExplorationIsEnjoyedGenre,FantasyIsEnjoyedGenre,FarmingIsEnjoyedGenre,FightingIsEnjoyedGenre,HorrorIsEnjoyedGenre,LuckIsEnjoyedGenre,MedievalIsEnjoyedGenre,MemoryIsEnjoyedGenre,MiniaturesIsEnjoyedGenre,PartyIsEnjoyedGenre,PiratesIsEnjoyedGenre,PoliticalIsEnjoyedGenre,PuzzleIsEnjoyedGenre,RacingIsEnjoyedGenre,Role-PlayingIsEnjoyedGenre,RollandMoveIsEnjoyedGenre,ScienceFictionIsEnjoyedGenre,SocialDeduction/HiddenRoleIsEnjoyedGenre,SportsIsEnjoyedGenre,StrategyIsEnjoyedGenre,TerritoryBuildingIsEnjoyedGenre,Tile-LayingIsEnjoyedGenre,TrainsIsEnjoyedGenre,TransportationIsEnjoyedGenre,TravelIsEnjoyedGenre,TriviaIsEnjoyedGenre,WarIsEnjoyedGenre,WordIsEnjoyedGenre,WorkerPlacementIsEnjoyedGenre,WorldWarIIIsEnjoyedGenre,ZombiesIsEnjoyedGenre,AOSCat
0,WWU Student,Man,22,Employed part-time,None,No specific belief,Computer Science ,No,I do not own any board/card games. ,Never,Not Interested,,3,1,0,0,0,0,0,0,0,1,0,0,0,1,0,0,1,0,0,0,0,0,1,0,0,0,0,0,0,0,0,0,0,0,0,0,0,0,0,0,0,0,0,0,0,0,0,0,0,0,0,0,0,0,0,0,0,0,0,0,0,STEM
1,WWU Student,Man,20,Employed part-time,Contacts,Atheism,Data science ,Yes,2 to 5,Rarely/Seldom,Party/Social,"Cards against humanity, trails, monopoly, uno, speed, chess",6,0,0,0,0,0,0,0,1,1,0,0,0,0,0,1,1,0,0,0,0,0,0,0,0,1,0,1,0,0,0,0,0,0,1,0,0,0,0,1,0,0,0,0,0,0,0,0,0,1,0,0,0,0,0,0,0,0,0,0,0,STEM
2,WWU Student,Non-binary,18,Unemployed,None,Atheism,Data Science,Yes,10 to 20,Several times a week,Strategic,"Terraforming Mars, Power Grid, Root, Yinish, The Resistance, Secret Hitler",8,0,0,0,0,0,0,0,1,1,0,0,0,1,0,1,1,0,1,0,0,1,0,0,0,0,0,1,1,0,0,0,1,0,0,0,0,0,0,0,0,0,1,0,0,0,0,1,0,1,0,0,0,0,0,0,0,0,0,0,0,STEM
3,WWU Student,Man,21,Employed part-time,None,Atheism,Data Science,Yes,10 to 20,Several times a month,Strategic,"“Magic: The Gathering”, “Dungeons and Dragons”, “X-Wing”, “Marvel Champions”, “Poker”, “Cards Against Humanity”, “Risk”, “Axis and Allies”, “Chess”",9,1,0,0,0,0,0,0,1,1,0,0,1,0,0,0,1,0,1,1,0,0,1,0,0,0,1,0,0,0,0,1,0,1,0,1,0,0,1,1,0,0,1,1,1,0,1,0,1,1,0,0,0,0,0,0,1,0,0,1,0,STEM
4,WWU Student,Man,22,Employed part-time,None,Christianity,Data Science,Yes,More than 20,Weekly,Situation-Specific,"“Dnd”, “catan”, “munchkin”, “chess”",7,0,0,0,0,0,0,0,1,1,1,1,1,0,1,1,1,0,1,1,0,0,1,1,1,1,1,1,0,0,0,1,0,1,1,0,1,1,1,0,1,0,1,0,0,0,0,0,1,1,1,0,1,0,0,1,1,1,1,1,1,STEM
5,WWU Student,Man,19,Employed part-time,None,Agnosticism,EECE,Yes,1 or 2,Several times a month,Other,,6,0,0,0,0,0,0,0,1,0,0,0,0,0,0,1,1,0,0,1,0,0,0,0,0,1,1,1,0,0,0,1,0,1,0,0,0,1,1,0,0,0,0,0,1,0,0,1,0,0,0,0,0,0,0,0,0,0,0,0,0,STEM
6,WWU Student,Man,19,Employed part-time,None,No specific belief,Electrical and Computer Engineering ,Yes,2 to 5,Several times a month,Casual,Game 1: Uno Game 2 Stratego Game 3: Clue Game 4: sorry,3,0,0,0,0,1,0,0,0,0,0,0,1,1,1,0,1,0,0,1,0,0,1,0,0,0,1,0,0,0,0,0,0,1,0,1,0,0,0,1,0,0,0,0,0,0,0,0,0,0,0,0,0,0,0,0,0,0,0,0,0,STEM
7,WWU Student,Woman,20,Unemployed,Glasses,No specific belief,Statistics,Yes,5 to 10,Every few months,Party/Social,"Game1: Monopoly, Game2: Uno, Game3: Mancala, Game4: The game of life, Game5: Gin Rummy, Game6: Poker, Game7: Cards against Humanity, Game8: Cronology, Game9: Scrabble, Game10: Boggle",4,0,0,0,0,0,0,0,1,0,0,0,1,1,1,0,1,1,0,0,0,0,1,0,0,0,0,0,0,0,0,0,0,0,0,1,0,0,0,1,0,0,0,0,0,0,0,0,0,0,0,0,0,0,0,1,0,1,0,0,0,STEM
8,WWU Student,Man,19,Employed part-time,Glasses,Agnosticism,Environmental studies,Yes,2 to 5,Weekly,Situation-Specific,"Waterdeep, catan, carcassonne, national parks, skull",4,0,0,0,0,0,0,0,1,1,1,0,0,1,0,0,1,0,1,1,0,0,1,1,1,1,0,1,1,0,1,1,0,1,0,0,1,1,1,1,1,1,0,1,1,0,0,1,0,1,1,1,1,1,1,0,1,0,1,0,0,STEM
9,WWU Student,Man,20,Unemployed,None,Judaism,Applied Mathematics,Yes,2 to 5,Weekly,Strategic,,4,0,0,0,0,0,0,0,1,0,0,0,1,0,0,0,0,0,0,0,0,0,1,0,0,0,0,0,0,0,0,0,0,0,0,0,0,0,0,0,0,0,0,0,0,0,0,0,0,0,0,0,0,0,0,0,0,0,0,0,0,STEM
10,WWU Student,Man,21,Unemployed,None,Agnosticism,Computer Science ,Yes,5 to 10,Weekly,Strategic,,6,0,0,0,0,0,0,0,1,1,0,0,0,0,0,0,1,1,1,0,0,0,1,1,1,1,1,0,1,0,1,1,1,0,0,0,0,0,1,0,0,1,0,0,0,0,0,0,0,1,0,0,0,0,0,0,1,0,0,0,0,STEM
11,WWU Student,Man,,Employed part-time,Glasses,No specific belief,Chemistry,Yes,2 to 5,Several times a week,Situation-Specific,Dungeons and Dragons,7,1,0,0,0,0,0,0,0,0,1,1,1,0,0,0,0,0,0,1,0,0,0,0,0,0,0,0,0,0,1,1,0,0,0,0,0,0,0,0,0,0,0,0,1,0,0,0,0,0,0,0,0,0,0,0,0,0,0,0,0,STEM
12,WWU Student,Woman,18,Unemployed,Glasses,Christianity,RML,Yes,10 to 20,Weekly,Situation-Specific,Game 1: Clue Game 2: Hearts Game 3:Cribbage,7,0,0,0,0,0,0,0,1,0,0,0,0,0,0,0,0,0,0,0,0,0,1,0,0,0,0,1,0,0,1,0,0,0,0,0,1,0,0,0,0,0,0,0,0,0,0,1,0,0,0,0,0,0,0,1,0,0,0,0,0,Other
13,WWU Student,Man,19,Unemployed,None,Atheism,political science,Yes,5 to 10,Every few months,Party/Social,"apples to apples, uno",2,0,0,0,0,0,0,0,1,1,0,0,1,0,1,0,0,1,0,0,0,0,0,0,0,0,0,0,0,0,0,0,0,0,0,0,0,0,0,1,0,1,0,0,0,0,0,0,1,0,0,0,0,0,0,0,0,0,0,0,0,Social Studies
14,WWU Student,Woman,18,Unemployed,None,Christianity,Elementary Education,Yes,5 to 10,Every few months,Party/Social,"Cards against humanity, apples to apples, wise and otherwise, game of life, monopoly, family feud, connect 4",3,0,0,0,0,0,0,0,1,1,1,0,1,1,0,1,0,0,1,1,0,0,1,1,1,1,0,0,0,0,0,0,0,1,1,0,0,0,0,1,0,0,0,0,0,1,0,0,0,1,0,0,0,0,0,0,0,0,0,0,0,Education
15,WWU Student,Man,18,Employed part-time,Glasses,No specific belief,English,Yes,I do not own any board/card games. ,Rarely/Seldom,Situation-Specific,"Uno, The Game of Life",2,0,0,0,0,0,0,0,1,1,0,0,1,1,1,1,1,0,1,1,0,0,1,0,0,0,0,1,0,0,0,1,0,1,1,1,0,1,0,1,0,1,1,1,1,1,0,1,0,1,0,0,0,1,0,0,0,1,0,0,0,Arts & Humanities
16,WWU Student,Man,18,Unemployed,None,Judaism,Music Education,Yes,1 or 2,Every few months,Strategic,"Uno, Clue, Monopoly, Hearthstone, dnd, bs, solitaire, chess",7,0,0,0,0,0,0,0,1,1,1,0,0,1,0,1,1,0,0,0,0,0,1,0,0,0,1,0,0,0,0,0,0,0,0,1,0,0,0,1,0,0,1,0,1,0,0,0,0,1,0,0,0,0,0,0,0,0,0,0,0,Arts & Humanities
17,WWU Student,Man,19,Unemployed,None,No specific belief,N/A,Yes,1 or 2,Rarely/Seldom,Simple,"Uno, Monopoly, Cards Against Humanity ",5,1,0,0,0,0,0,0,1,1,0,0,0,1,0,1,1,0,1,0,0,0,1,0,0,0,0,0,0,0,0,0,0,0,0,0,0,0,0,1,0,0,0,0,0,0,0,0,0,1,0,0,0,0,0,0,0,0,0,0,0,Unknown
18,WWU Student,Woman,19,Unemployed,Glasses,Atheism,Art,Yes,10 to 20,Several times a week,Situation-Specific,"Coup, Secret Hitler, Resistance, Code Names, Say Anything, The Mind, Deception; Murder in Hong Kong",,0,0,0,0,0,0,0,1,1,1,0,0,1,1,1,1,0,1,1,0,0,1,0,0,1,0,1,0,0,0,0,0,1,1,0,0,0,0,1,0,1,0,0,0,1,1,1,0,1,1,0,0,0,0,0,0,0,0,0,1,Arts & Humanities
19,WWU Student,Non-binary,19,Unemployed,Glasses,Atheism,Psychology,Yes,2 to 5,Weekly,Situation-Specific,,4,0,0,0,0,0,0,0,1,0,1,1,0,1,1,1,1,0,1,1,0,0,0,0,1,1,0,1,0,0,1,1,1,0,1,0,0,0,1,1,0,0,0,0,1,0,1,1,0,1,0,0,0,0,0,0,0,0,0,0,0,Social Studies
20,WWU Student,Man,19,Unemployed,None,"Spiritual, not affiliated with a specific religion",,Yes,1 or 2,Weekly,Casual,"Chess, cards",8,0,0,0,0,0,0,0,1,1,1,0,0,1,0,0,0,0,1,1,0,0,1,0,1,1,0,0,0,0,1,1,0,0,0,0,1,0,0,1,1,0,0,0,1,0,1,0,0,1,0,0,1,0,1,0,0,0,0,1,0,Unknown
21,WWU Student,Man,18,Unemployed,Glasses,Agnosticism,Psych (probably),Yes,5 to 10,Monthly,Strategic,"Catan, Monopoly, DnD, Uno, Risk, Chess, Scrabble, Boggle, Pictionary, Cards against Humanity",9,0,0,0,0,0,0,0,1,1,1,0,0,0,0,1,1,0,1,0,0,0,1,0,1,0,0,1,0,0,0,0,0,0,0,0,0,0,0,1,0,0,0,0,1,1,0,0,0,1,0,0,0,0,0,1,0,0,0,0,0,Social Studies
22,WWU Student,Man,18,Unemployed,Glasses,No specific belief,Music,Yes,5 to 10,Several times a month,Casual,"Quirkle, Exploding Kittens, Uno, Cards Against Humanity, Phase Ten, Scrabble, Hues and Cues",7,0,0,0,0,0,0,0,1,0,0,0,1,1,1,1,1,1,0,0,0,0,1,0,0,1,0,1,0,0,0,0,0,0,0,0,0,0,0,1,0,0,1,0,0,0,0,1,0,0,0,0,0,0,0,1,0,0,0,0,0,Arts & Humanities
23,WWU Student,Woman,19,Employed part-time,None,"Spiritual, not affiliated with a specific religion",Environmental Science - Toxicology,Yes,1 or 2,Every few months,Casual,"Sattegories, zombie dice, cards against humanity, one night ultimate werewolf, sorry",4,0,0,0,0,0,0,0,1,0,1,0,1,1,0,0,1,1,0,1,1,0,1,0,1,1,0,0,0,1,0,0,1,0,0,1,1,0,0,1,1,0,1,0,0,1,1,0,0,1,1,1,0,0,0,1,0,0,0,0,1,STEM
24,WWU Student,unsure ,20,Unemployed,None,Atheism,Computer Science ,Yes,1 or 2,Rarely/Seldom,Party/Social,"""Magic the Gathering"", ""Settlers of Catan"", ""Ticket to Ride"", ""Go Fish"", ""Golf""",3,0,0,0,0,0,0,0,1,0,1,0,0,1,0,1,1,0,0,0,0,0,1,0,0,0,0,1,0,0,0,1,0,0,0,0,1,0,1,1,1,1,0,0,0,0,1,1,0,0,1,1,1,1,0,0,0,0,0,0,1,STEM
25,WWU Student,Non-binary,18,Unemployed,Glasses,Paganism,History/museum studies,Yes,5 to 10,Several times a month,Party/Social,"Uno, D&D, monopoly, chess, checkers, yahtzee ",7,0,0,0,0,0,0,0,1,0,0,1,0,1,0,0,1,0,0,1,1,0,1,0,0,0,0,0,0,0,0,1,0,1,0,0,1,0,1,0,0,0,0,0,1,1,0,0,0,1,0,0,0,0,0,0,0,0,0,0,0,Arts & Humanities
26,WWU Student,Woman,19,Unemployed,Both,"Spiritual, not affiliated with a specific religion",Elementary ed,Yes,2 to 5,Every few months,Party/Social,"Catan, DND, jackbox",,0,0,0,0,0,0,0,1,0,0,1,1,1,1,1,0,0,0,0,1,0,0,0,0,0,0,1,0,0,0,1,0,0,0,0,0,0,0,1,0,0,0,0,1,0,0,1,0,0,0,0,0,0,0,0,0,0,0,0,0,Education
27,WWU Student,girl thing ,18,Employed part-time,Glasses,being with oneself in connection to everything ,environmental science ,Yes,I do not own any board/card games. ,Rarely/Seldom,Situation-Specific,,4,0,0,0,0,0,0,0,1,0,0,0,0,1,0,0,0,0,0,1,1,0,0,0,1,0,0,0,0,0,0,0,0,0,0,0,0,0,0,1,0,0,0,0,1,0,0,0,0,0,0,0,0,0,0,0,0,0,0,0,1,STEM
28,WWU Student,Non-binary,,Unemployed,Glasses,Agnosticism,,Yes,I do not own any board/card games. ,Every few months,Strategic,,10,1,0,0,1,0,0,0,0,1,0,0,1,0,0,1,1,0,1,0,0,0,0,0,0,0,0,0,0,0,0,0,0,0,0,0,0,0,0,0,0,0,0,0,1,0,0,0,0,1,0,0,0,0,0,0,1,0,0,0,0,Unknown
29,WWU Student,Man,23,Employed part-time,None,No specific belief,Mathematics ,Yes,5 to 10,Every few months,Casual,"Sorry!, Munchkin, Yahtzee, Chess",8,0,0,0,0,0,0,0,1,0,1,0,0,1,1,1,1,1,0,0,0,0,0,0,0,1,0,1,0,1,0,0,0,0,0,0,0,0,0,1,0,0,1,0,0,0,0,0,0,1,0,0,0,0,0,1,0,0,0,0,0,STEM
30,WWU Student,Wouldn't you like to know,19,Unemployed,None,"Spiritual, not affiliated with a specific religion",,Yes,1 or 2,Monthly,Casual,"Wingspan, XIA: Legends of a Drift System, Skull, Oceans, Dixit, Nana, Duel of Ages II, Fall of Magic, Gloomhaven, Cryptid, Codenames, MicroMacro Crime City",7,0,0,0,0,0,0,0,1,1,1,0,1,0,1,1,1,0,1,1,1,0,0,0,0,1,0,0,0,0,0,0,0,0,1,1,0,1,1,0,0,0,1,0,1,0,1,0,0,1,0,1,0,0,0,1,0,0,0,0,0,Unknown
31,WWU Student,Man,19,Employed part-time,None,Christianity,Business,Yes,I do not own any board/card games. ,Several times a month,Party/Social,Best Friend Game,4,1,0,0,0,0,0,0,0,0,1,0,0,1,0,0,0,1,0,1,0,0,1,0,0,1,0,0,0,0,0,0,0,0,0,0,0,0,0,1,0,0,0,0,0,1,0,0,0,0,0,0,0,0,0,1,0,0,0,0,0,Business
32,WWU Student,Man,18,Unemployed,None,Atheism,Biochem ,Yes,5 to 10,Daily,Strategic,"magic the gathering, uno, … etc? ",7,0,0,0,0,0,0,0,1,1,0,0,1,0,0,0,1,1,0,0,0,0,1,1,0,0,1,0,0,0,0,1,0,0,0,0,0,0,0,0,0,0,0,0,0,0,0,0,0,0,0,0,0,0,0,1,0,0,0,0,0,STEM
33,WWU Student,Man,18,Unemployed,Both,Atheism,Vocal Performance ,Yes,I do not own any board/card games. ,Every few months,Situation-Specific,Game 1: Catan Game 2: Secret Hitler Game 3: Cards Against Humanity Game 4: Exploding Kittens,8,0,0,0,0,0,0,0,1,1,1,0,0,1,0,0,1,0,1,1,0,0,1,1,0,1,1,1,0,0,0,1,1,0,1,0,0,0,1,1,0,0,0,0,1,0,1,1,0,1,0,1,0,0,0,0,0,0,0,0,1,Arts & Humanities
34,WWU Student,Non-binary,19,Unemployed,None,"Spiritual, not affiliated with a specific religion",Secondary Education ,Yes,2 to 5,Weekly,Party/Social,"""Taco Cat Goat Cheese Pizza"", ""Machi Koro"", ""Spoons""",4,0,0,0,0,0,0,0,1,1,0,0,1,1,0,1,1,0,1,0,0,0,1,0,0,0,0,0,0,0,0,0,0,0,0,0,0,0,1,1,0,0,0,1,1,0,0,0,0,1,0,0,0,0,0,1,0,0,0,0,0,Education
35,WWU Student,Man,21,Employed part-time,None,Agnosticism,,Yes,More than 20,Several times a week,Strategic,,9,0,0,0,0,0,0,0,1,0,0,0,1,0,1,0,1,0,1,0,0,0,1,0,0,0,0,0,0,0,0,0,0,0,0,0,0,0,0,0,0,0,0,0,0,0,0,0,0,1,0,0,0,0,0,0,0,0,0,1,1,Unknown
36,WWU Student,Woman,18,Unemployed,None,Atheism,Business ,Yes,More than 20,Several times a month,Situation-Specific,"The settlers of catan, monopoly, exploding kittens, ticket to ride, guillotine, spoons, bs, stop the bus, uno",4,1,0,0,0,0,0,0,0,1,1,0,0,0,0,0,1,0,1,0,0,0,1,1,0,1,0,0,0,0,0,0,0,0,0,0,0,0,0,0,0,0,0,0,0,0,0,0,0,1,0,0,0,0,0,0,0,0,0,0,0,Business
37,WWU Student,Non-binary,20,Employed part-time,None,"Spiritual, not affiliated with a specific religion",Linguistics,Yes,2 to 5,Monthly,Party/Social,,7,0,0,0,0,0,0,0,1,1,1,1,0,1,0,0,1,0,1,1,0,0,1,1,0,1,1,1,0,0,0,1,0,0,0,0,0,0,0,1,0,0,0,0,0,0,0,1,0,1,0,0,0,0,0,0,0,0,0,0,0,Arts & Humanities
38,WWU Student,Man,20,Employed part-time,None,Agnosticism,History,Yes,5 to 10,Weekly,Situation-Specific,"D&D, Magic, Mafia, Clue",3,0,0,0,0,0,0,0,1,1,1,1,0,0,0,1,0,0,1,0,0,0,1,1,1,1,1,1,0,0,0,0,0,0,1,0,0,0,0,0,0,0,1,0,1,0,0,1,0,1,1,1,0,0,0,0,0,1,0,0,0,Arts & Humanities
39,WWU Student,Prefer not to say,,Employed part-time,Glasses,Prefer not to say,,Yes,2 to 5,Weekly,Strategic,,7,0,0,0,0,0,0,1,0,1,0,0,1,0,0,1,1,0,1,0,0,0,1,1,0,0,1,1,0,0,0,1,0,0,0,1,0,1,1,0,0,0,0,0,1,1,1,1,0,1,0,0,0,0,0,0,0,0,0,0,0,Unknown
40,WWU Student,Woman,23,Unemployed,None,Christianity,Linguistics,Yes,1 or 2,Several times a month,Casual,"Wingspan, Evolution, Set, Chronology, Betrayal at House on the Hill, Photosynthesis",4,0,0,0,0,0,0,0,1,0,1,1,0,1,0,0,1,0,0,0,1,0,0,0,0,1,0,0,0,1,0,1,0,0,0,0,0,0,0,0,0,0,0,0,1,0,0,0,0,1,0,1,0,0,0,0,0,0,0,0,0,Arts & Humanities
41,WWU Student,Woman,19,Employed part-time,None,Christianity,,Yes,5 to 10,Weekly,Situation-Specific,"Splendor, Apples to Apples, Spicy Uno, Clue, Cover your assets",2,0,0,0,0,0,0,0,1,1,0,1,0,1,1,1,1,0,1,1,0,0,1,1,1,0,1,1,0,0,1,1,1,1,0,0,1,1,1,1,1,1,1,0,1,1,1,1,0,1,1,0,0,0,0,1,1,1,0,0,0,Unknown
42,WWU Student,Woman,18,Unemployed,Contacts,"Spiritual, not affiliated with a specific religion",Bio/anth,Yes,2 to 5,Every few months,Situation-Specific,"Uno, Trivia, Chess, CAH",8,0,0,0,0,0,0,0,1,1,0,0,0,0,0,1,1,1,0,1,0,0,1,0,0,0,0,0,0,0,0,0,0,0,1,0,0,1,0,0,0,0,0,0,0,0,0,0,0,0,0,0,0,0,0,1,0,0,0,0,0,STEM
43,WWU Student,Man,23,Unemployed,None,"Spiritual, not affiliated with a specific religion",Mathematics,Yes,1 or 2,Several times a week,Casual,"Rummi, chess, checkers, settlers of catan, monopoly",8,0,0,0,0,0,0,0,1,0,0,0,0,1,1,0,1,0,0,0,0,0,1,0,1,0,1,0,0,0,0,0,0,0,0,0,0,0,0,0,0,0,0,0,0,0,0,0,0,1,0,0,0,0,0,0,0,0,0,0,0,STEM
44,WWU Student,Man,,Unemployed,None,Atheism,Marine Biology ,Yes,2 to 5,Rarely/Seldom,Casual,"Uno, Egyptian rats screw, BS",8,0,0,0,1,0,0,0,1,1,1,0,0,0,1,1,1,0,0,1,1,0,1,0,0,0,0,1,0,0,1,1,0,0,0,0,1,0,1,1,1,0,1,0,1,1,1,1,0,0,0,0,0,0,0,0,0,0,0,0,1,STEM
45,WWU Student,Woman,19,Unemployed,None,Atheism,,Yes,I do not own any board/card games. ,Weekly,Casual,"Codenames, uno, ",2,1,1,0,0,0,0,0,1,1,1,1,1,1,1,1,1,1,1,1,1,0,1,0,0,0,0,0,0,0,0,0,0,0,0,0,0,0,0,0,0,0,0,0,0,0,0,0,0,1,0,0,0,0,0,0,0,0,0,0,0,Unknown
46,WWU Student,Woman,18,Unemployed,Glasses,No specific belief,Environmental science,Yes,2 to 5,Weekly,Casual,"Catan, Gin Rummy, Telestrations, Chess",6,0,0,0,0,0,0,0,1,0,0,0,0,1,1,0,1,0,0,1,1,0,1,0,0,0,0,0,0,0,0,1,0,0,0,0,0,0,0,0,0,0,1,0,0,0,0,0,0,1,0,0,0,0,0,0,0,1,0,0,0,STEM
47,WWU Student,Woman,20,Unemployed,Glasses,Agnosticism,communication disorders,Yes,5 to 10,Weekly,Casual,"uno, phase 10, skyjo, codenames, settlers of catan, the game of things, blank slate, mastermind, dominoes",7,0,0,0,0,0,0,0,1,0,1,0,1,1,1,0,1,1,0,0,0,0,1,0,0,0,0,0,0,0,0,0,0,0,0,1,0,1,0,0,0,0,1,0,0,0,0,0,0,1,0,1,0,0,0,1,1,1,0,0,0,Health & Medicine
48,WWU Student,Man,18,Unemployed,Glasses,Atheism,Engineering ,Yes,2 to 5,Monthly,Casual,"“Catan”, “Monopoly”, “Cards Against Himanity”, “Golf”, “Magic Ghe Gathering”",5,0,0,0,0,0,0,0,1,1,0,0,0,0,0,0,1,0,0,0,0,0,0,0,1,0,1,0,1,0,0,1,0,1,0,0,0,0,0,0,0,0,0,0,0,0,0,0,0,1,0,0,0,0,0,0,0,0,0,0,0,STEM
49,WWU Student,Woman,19,Unemployed,None,Agnosticism,Biochem,Yes,2 to 5,Daily,Strategic,No,10,0,0,0,0,0,0,0,1,1,1,0,0,0,0,0,0,0,1,1,0,1,1,1,0,0,0,0,0,0,0,0,0,0,0,0,0,0,0,0,0,0,0,0,0,0,0,0,0,1,0,0,0,0,0,0,0,0,0,0,0,STEM
50,WWU Student,Woman,20,Employed part-time,None,"Spiritual, not affiliated with a specific religion",Kinesiology,Yes,1 or 2,Several times a month,Casual,"UNO, Monikers, Monopoly, cards against humanity, clue, solitaire, BS",5,1,0,0,0,0,0,0,1,0,1,1,1,0,0,0,1,1,0,1,0,0,1,0,0,0,0,0,0,0,0,0,0,0,0,1,0,0,0,1,0,0,1,0,1,0,0,0,0,0,0,0,0,0,0,1,0,0,0,0,0,Health & Medicine
51,WWU Student,Non-binary,18,Unemployed,Glasses,Atheism,,Yes,More than 20,Weekly,Simple,,2,0,0,0,1,0,0,0,1,0,1,0,1,1,0,0,0,0,0,0,0,0,0,0,0,0,0,0,0,0,0,0,0,0,0,0,0,0,0,0,0,0,0,0,0,0,0,0,0,0,0,0,0,0,0,0,0,0,0,0,0,Unknown
52,WWU Student,Woman,23,Unemployed,Glasses,Agnosticism,Economics and mathematics,Yes,1 or 2,Daily,Simple,"Solitaire, sorry, uno",1,0,0,0,0,0,0,0,1,0,0,0,0,0,1,0,1,0,1,0,0,0,1,0,0,0,0,0,0,0,0,0,0,0,0,0,0,0,0,0,0,0,1,0,0,0,0,0,0,1,0,0,0,0,0,0,0,0,0,0,0,STEM
53,WWU Student,Man,19,Unemployed,None,Agnosticism,Data Science ,No,I do not own any board/card games. ,Several times a month,Situation-Specific,"Chess, Catan, Risk, Dominion",7,0,0,0,0,0,0,0,1,1,1,0,0,0,1,1,1,0,1,1,0,0,1,1,1,1,0,1,0,0,0,0,0,0,0,0,0,0,0,0,1,0,1,0,0,0,1,0,1,1,0,0,1,0,0,0,0,0,0,0,0,STEM
54,WWU Student,Man,19,Employed part-time,Both,Agnosticism,Music Education and German,Yes,1 or 2,Every few months,Strategic,"Chess, checkers, Settlers of Catan, Ticket to Ride, Clue, Sorry, Munchkin, Texas Hold’em, Blackjack, Speed ",8,0,0,0,0,0,0,0,1,1,0,0,0,0,1,1,1,1,1,1,0,0,0,0,1,0,0,1,0,0,0,1,0,1,1,0,1,0,0,1,0,0,1,0,1,0,1,1,0,1,1,1,0,0,0,0,1,0,0,0,1,Arts & Humanities
55,WWU Student,Man,19,Unemployed,None,Agnosticism,,Yes,1 or 2,Several times a week,Strategic,"Uno, chess, Catan, Monopoly",10,0,0,0,0,0,0,0,1,0,0,0,0,0,0,0,1,0,0,0,0,0,1,0,0,0,0,0,0,0,0,0,0,0,0,0,0,0,0,0,0,0,0,0,0,0,0,0,0,1,0,0,0,0,0,0,0,0,0,0,0,Unknown
56,WWU Student,Woman,18,Unemployed,Both,No specific belief,art P-12,Yes,1 or 2,Daily,Party/Social,"slap jack, rat slap, kings in the corner",1,0,0,0,0,0,0,0,1,1,0,0,1,0,0,0,0,0,0,1,1,1,1,0,0,0,0,0,0,0,1,1,1,0,1,1,1,0,0,0,0,0,0,1,1,1,0,0,0,0,0,0,1,0,0,0,0,0,0,0,0,Arts & Humanities
57,WWU Student,Man,19,Employed part-time,None,Atheism,Chemistry either organic or inorganic,Yes,2 to 5,Rarely/Seldom,Casual,"Battleships, Apples to Apples, Cards Against Humanity",1,0,0,0,0,0,0,0,1,0,0,0,1,0,1,0,0,0,0,1,0,0,0,0,0,0,0,0,0,0,1,1,0,0,1,0,0,0,0,0,0,0,1,0,0,0,1,0,0,0,0,0,0,0,0,0,0,0,0,0,1,STEM
58,WWU Student,Woman,24,Employed part-time,Glasses,Atheism,Math,Prefer not to say,I do not own any board/card games. ,Rarely/Seldom,Situation-Specific,,6,0,0,0,0,0,0,0,1,1,1,0,0,1,0,1,1,0,1,0,0,0,1,0,0,0,1,1,0,0,0,0,0,0,0,0,0,0,0,1,0,0,0,0,0,0,0,1,0,1,0,0,0,0,0,0,0,0,0,0,0,STEM
59,WWU Student,Woman,21,Employed part-time,Glasses,Christianity,EECE,Yes,5 to 10,Every few months,Strategic,"Hues and cues, stoned drunk or stupid, cards against humanity, DnD",7,0,0,0,0,0,0,0,1,0,0,1,1,1,0,0,1,1,1,1,0,0,1,0,0,0,0,0,0,0,0,0,0,1,0,1,1,0,0,1,0,0,0,0,0,0,0,0,0,1,0,0,0,0,0,1,0,0,0,0,0,STEM
60,WWU Student,Man,,Unemployed,None,Atheism,Electrical Engineering,No,1 or 2,Every few months,Casual,"“Munchkin”, “Jenga”",3,0,0,0,0,0,0,0,1,1,0,0,1,1,0,0,0,0,0,0,0,0,1,0,0,1,0,0,0,0,0,1,0,0,0,0,0,0,0,0,0,0,0,0,0,0,0,0,0,1,1,1,0,0,0,0,0,0,0,0,0,STEM
61,WWU Student,Man,18,Seeking employment,None,Atheism,Undecided but leaning towards engineering,Yes,1 or 2,Several times a month,Strategic,"Monopoly, poker, exploding kittens, war, hearts, cards against humanity, chess",8,1,0,0,1,0,0,0,0,1,0,0,0,1,1,1,1,0,0,0,0,0,1,0,0,1,1,0,1,0,0,0,1,0,0,1,0,0,0,1,0,0,0,0,0,0,0,0,0,1,1,0,0,0,0,0,1,0,0,0,0,STEM
62,WWU Student,Man,19,Unemployed,Glasses,"Spiritual, not affiliated with a specific religion",Medicine ,Yes,More than 20,Several times a month,Situation-Specific,,1,0,0,0,0,0,0,0,1,0,1,0,1,0,1,0,1,0,1,1,0,0,1,0,0,1,0,0,0,0,0,1,0,1,1,1,1,0,0,0,0,1,1,1,1,0,1,0,0,1,0,0,0,0,0,0,1,0,0,0,1,Health & Medicine
63,WWU Student,Man,21,Unemployed,None,Atheism,rec management ,No,I do not own any board/card games. ,Every few months,Casual,,1,0,0,0,0,0,0,0,1,1,0,0,0,0,0,0,1,0,0,0,0,0,1,0,0,0,0,0,0,0,0,0,0,0,0,0,0,0,0,0,0,0,0,0,0,0,0,0,0,0,0,0,0,0,0,0,0,0,0,0,0,Other
64,WWU Student,Man,21,Employed part-time,Contacts,Christianity,Economics ,Yes,1 or 2,Every few months,Situation-Specific,Texas holdem ,8,0,0,0,0,0,0,0,1,1,0,0,1,0,0,0,1,1,0,0,0,0,1,0,0,0,0,0,0,0,0,0,0,0,0,0,0,0,0,0,0,0,0,0,0,0,0,0,1,0,0,0,0,0,0,0,0,0,0,1,0,Social Studies
65,WWU Student,Woman,29,Employed part-time,Glasses,Agnosticism,Geology,Yes,5 to 10,Monthly,Casual,"Catan, exploding kittens, wingspan, cribbage",5,0,0,0,0,0,0,0,1,0,0,0,1,1,1,0,1,1,0,1,1,0,1,1,1,1,1,1,0,1,1,1,1,1,0,1,1,1,1,1,1,1,1,0,1,1,1,0,0,1,0,1,1,1,1,0,0,0,0,0,0,STEM
66,WWU Student,Woman,25,Employed part-time,Glasses,Atheism,Geology,Yes,5 to 10,Rarely/Seldom,Casual,,1,0,0,0,0,0,0,0,1,0,0,0,0,1,1,0,1,1,0,0,0,1,1,0,0,1,0,0,1,0,0,1,0,0,0,0,0,0,1,0,0,0,1,0,0,0,0,0,0,0,0,1,0,0,0,1,0,0,0,0,0,STEM
67,WWU Student,Woman,28,Employed part-time,Both,Atheism,Geology,Yes,5 to 10,Monthly,Strategic,"Uno, pandemic, catan, mancala, ticket to ride, ",2,0,0,0,0,0,0,0,1,1,1,0,0,0,1,0,1,0,0,0,0,0,1,0,1,1,1,0,0,0,0,0,0,0,0,0,0,0,0,0,0,0,1,1,0,0,0,0,0,0,0,0,0,0,0,0,0,0,0,0,0,STEM
68,WWU Student,Non-binary,26,Employed part-time,Glasses,No specific belief,Geology,Yes,2 to 5,Several times a month,Situation-Specific,"Wingspan, Chess, Catan, Ragnarok, Go, Unstable Unicorns, Uno, Brew, Dicecapades",10,0,0,0,0,0,0,0,1,0,1,0,0,0,1,0,1,1,0,1,1,0,0,0,1,0,0,1,0,1,1,1,0,1,0,0,0,0,0,0,1,0,1,0,1,1,0,1,0,1,1,1,1,0,1,1,1,1,0,0,0,STEM
69,WWU Student,Man,26,Employed part-time,None,Atheism,Geology,Yes,2 to 5,Monthly,Situation-Specific,"“Uno”,”monopoly”",8,0,1,0,0,0,0,0,1,1,1,0,0,0,0,1,0,0,1,0,0,0,1,0,0,0,0,0,0,0,0,1,0,0,0,1,0,0,0,1,0,0,0,0,0,0,0,0,0,1,0,0,0,0,0,0,1,0,0,1,0,STEM
70,WWU Student,Man,20,Unemployed,None,No specific belief,Visual Journalism ,Yes,More than 20,Several times a month,Casual,"UNO, Red Dragon Inn, Sorry, The Thing, Betrayal at the House on the Hill, Forbidden Series, Clue, Root, Risk, Axis & Allies, Machi Koro, Pit, Apples to Apples, Battle Ball",5,0,0,0,0,0,0,0,1,1,1,1,1,1,1,1,1,1,0,1,0,0,0,0,0,0,0,0,0,0,1,1,0,1,0,1,0,1,1,1,0,0,1,1,0,0,1,0,1,1,1,0,1,1,1,1,1,0,0,1,0,Arts & Humanities
71,WWU Student,Woman,24,Employed part-time,Both,No specific belief,,Yes,5 to 10,Monthly,Situation-Specific,"Uno, Oofta, Kings in the corners, aggravation, clue, unstable unicorns, settlers of Catan, exploding kittens",4,0,0,0,0,0,0,0,1,1,0,0,1,0,1,0,1,0,0,1,1,0,1,0,1,1,0,1,0,0,1,1,0,0,0,0,1,0,1,0,1,0,1,1,1,1,0,0,0,0,1,0,0,0,1,0,0,0,0,0,0,Unknown
72,WWU Student,Man,20,Seasonal worker during the summer,None,Atheism,Environmental studies ,Yes,1 or 2,Monthly,Strategic,Game 1 monopoly  game 2 mancola game 3 uno game 4 secret hitler,4,0,0,0,0,0,0,0,1,1,0,1,0,0,0,1,1,0,1,0,0,0,1,0,1,0,1,0,0,0,0,1,1,1,0,0,1,0,1,0,0,0,0,0,1,0,1,0,0,1,1,0,0,0,0,0,1,0,0,1,1,STEM
73,WWU Student,Woman,18,Unemployed,None,Agnosticism,Biology/Math,Yes,2 to 5,Monthly,Casual,"Secret Hitler, codenames, uno, 3-13, Betrayal at the House on the Hill",7,0,0,0,0,0,0,0,1,1,0,0,0,1,1,1,1,0,0,0,0,0,1,0,0,0,1,1,0,0,0,0,0,0,1,0,0,1,0,1,0,0,1,1,0,1,0,0,0,1,0,1,0,0,0,1,0,0,0,0,0,STEM
74,WWU Student,Man,18,Unemployed,None,Agnosticism,,Yes,2 to 5,Several times a month,Casual,"Taboo, scrabble, chess",3,0,0,0,0,0,0,0,1,1,1,0,0,1,1,0,1,1,0,0,0,0,0,0,0,1,0,0,0,0,0,0,0,0,0,0,0,0,0,0,0,0,0,0,0,0,0,0,0,1,0,0,0,0,0,1,0,1,0,0,0,Unknown
75,WWU Faculty Member,Man,26,Employed part-time,None,No specific belief,Geology,No,I do not own any board/card games. ,Rarely/Seldom,Not Interested,Yugioh ,1,1,0,0,0,0,0,0,0,1,0,0,0,0,0,0,0,0,0,0,0,0,0,0,0,0,0,0,0,0,0,0,0,0,0,0,0,0,0,0,0,0,0,0,0,0,0,0,0,0,0,0,0,0,0,0,0,0,0,0,0,STEM
76,WWU Student,Woman,21,Employed part-time,None,Atheism,Behavioral Neuroscience,Yes,5 to 10,Every few months,Simple,Code Names,2,0,1,0,0,0,0,0,1,0,0,0,0,1,1,0,0,1,1,0,0,0,1,0,0,1,0,1,0,0,0,0,0,0,0,0,0,1,0,1,0,0,1,0,0,1,0,0,0,1,0,0,0,0,0,1,0,0,0,0,0,STEM
77,WWU Student,Man,26,Employed full-time,Both,"Spiritual, not affiliated with a specific religion",Electrical Engineering ,Yes,5 to 10,Weekly,Situation-Specific,"Catan, Trivial Pursuit, Sequence, Phase 10, Ticket to Ride",7,0,0,0,1,0,0,0,0,1,0,0,0,0,1,0,1,1,1,0,0,0,1,0,0,0,0,0,0,0,0,0,0,1,1,0,1,1,0,1,0,0,1,1,0,0,1,0,1,1,0,0,0,0,0,1,1,0,0,0,0,STEM
78,WWU Student,Man,18,Employed part-time,Both,Buddhism,Computer Science,Yes,5 to 10,Monthly,Situation-Specific,,7,0,0,0,0,0,0,0,1,1,1,1,1,1,1,1,1,1,1,1,1,1,1,1,1,1,1,1,1,1,1,1,1,1,1,1,1,1,1,1,1,1,1,1,1,1,1,1,1,1,1,1,1,1,1,0,1,0,0,1,1,STEM
79,WWU Student,Man,25,Employed part-time,Both,Prefer not to say,Geology (paleoclimate),Yes,5 to 10,Rarely/Seldom,Situation-Specific,"Uno, Battleship, Castle Tower, Mahjong, Chess,",6,0,0,0,1,0,0,0,0,1,1,0,0,0,1,0,0,1,0,0,0,0,1,0,0,1,0,1,0,0,0,0,0,0,1,0,0,0,0,0,0,0,0,0,0,0,0,1,0,0,0,0,0,0,0,1,0,0,0,0,0,STEM
80,WWU Student,Non-binary,18,Unemployed,Glasses,Atheism,Electrical engineering,Yes,10 to 20,Several times a week,Strategic,,6,0,0,0,0,0,0,0,1,1,1,1,1,1,1,1,1,0,1,1,0,0,1,1,1,1,1,1,1,0,1,1,1,1,1,0,1,0,1,1,1,1,1,1,1,1,1,1,0,1,1,1,1,1,1,0,1,0,1,0,1,STEM
81,WWU Student,Man,19,Unemployed,Glasses,Atheism,Marine Biology and Theater Production,Yes,10 to 20,Several times a month,Situation-Specific,,6,0,0,0,0,0,0,0,1,1,1,1,1,1,1,1,1,1,1,1,0,0,1,1,0,1,0,1,0,0,1,0,0,1,1,1,0,1,0,1,1,0,1,1,1,1,1,1,1,1,1,0,0,1,1,0,0,1,0,1,1,STEM
82,WWU Student,Man,20,Employed part-time,None,Atheism,Computer science,Yes,1 or 2,Weekly,Strategic,“Dungeons & Dragons”,7,0,0,0,0,0,0,0,1,1,1,1,1,0,0,0,1,0,0,1,0,0,0,0,0,0,0,0,0,0,0,0,0,1,0,0,1,0,0,0,1,0,0,0,1,0,1,0,0,0,0,0,0,0,0,0,0,0,0,0,0,STEM
83,WWU Student,Non-binary,21,Employed part-time,None,Atheism,Mathematics ,Yes,2 to 5,Every few months,Strategic,"Spite and Malice, Azul, Quirkle, clue, settlers of catan",2,0,0,0,0,0,0,0,1,0,1,0,0,0,1,0,1,0,1,0,0,0,1,0,0,1,0,1,0,0,0,0,0,0,1,1,0,1,0,0,0,0,1,1,0,1,1,0,0,1,1,1,0,0,0,0,0,0,0,0,0,STEM
84,WWU Student,Man,20,Employed part-time,None,"Spiritual, not affiliated with a specific religion",Anthropology,Yes,2 to 5,Several times a month,Casual,"Clue, card wars, uno, Catan, chess",7,0,0,0,0,0,0,0,1,0,1,0,1,0,0,1,1,0,0,1,0,0,1,0,1,0,0,1,0,0,0,0,0,0,0,0,0,0,0,0,0,1,0,0,0,0,0,0,0,0,1,0,0,0,0,0,0,0,0,0,0,Social Studies
85,WWU Student,Man,18,Unemployed,None,Atheism,Biology ,Yes,5 to 10,Several times a month,Casual,,1,0,0,0,0,0,0,0,1,0,0,0,0,1,0,0,0,0,0,0,0,0,0,0,0,0,0,0,0,0,0,0,0,0,0,0,0,0,0,0,0,0,0,0,0,0,0,0,0,0,0,0,0,0,0,0,0,0,0,0,0,STEM
86,WWU Student,Man,22,Employed part-time,Glasses,No specific belief,Management information systems ,Yes,5 to 10,Weekly,Strategic,"Variations Settlers of Catan, magic the gathering, chess, ",7,0,0,0,0,0,0,0,1,1,1,0,1,0,0,0,1,0,0,1,0,0,1,0,1,0,1,0,0,0,0,1,0,1,0,0,0,0,0,1,0,0,0,0,0,0,0,0,1,0,0,0,0,0,0,0,1,0,0,0,0,Business
87,WWU Student,Woman,19,Employed part-time,None,"Spiritual, not affiliated with a specific religion",marine bio,Yes,1 or 2,Rarely/Seldom,Casual,"monopoly, life, clue, go fish, aggravation",1,0,0,0,0,0,0,0,1,1,1,0,1,1,0,1,1,1,0,1,1,0,0,0,0,0,0,1,0,0,0,0,0,0,0,0,0,1,0,1,1,0,0,1,0,1,0,1,0,1,0,0,0,0,0,1,0,0,0,0,0,STEM
88,WWU Student,Woman,20,Unemployed,None,Agnosticism,Environmental Studies,Yes,1 or 2,Monthly,Casual,"Monopoly, poker, go fish, kanasta",1,0,0,0,0,0,0,0,1,1,0,0,1,1,0,0,1,1,1,0,0,0,1,1,1,0,1,0,0,0,0,0,0,0,0,1,0,0,0,1,0,1,0,0,0,0,0,0,0,1,0,0,0,0,0,1,1,0,0,0,0,STEM
89,WWU Student,Man,18,Employed part-time,Both,"Spiritual, not affiliated with a specific religion",History/Holocaust & Genocide Studies,Yes,5 to 10,Every few months,Situation-Specific,Game 1: Dead of Winter Game 2: Drunk Stoned or Stupid Game 3: Pandemic Game 4: Uno,5,0,0,0,0,0,0,0,1,1,1,1,0,1,1,1,1,1,0,0,0,0,1,0,0,1,0,1,0,1,1,1,1,1,1,0,1,0,0,1,1,0,1,0,1,1,1,1,0,1,0,1,0,0,1,1,0,1,1,0,1,Arts & Humanities
90,WWU Student,Woman,22,Employed part-time,Glasses,Agnosticism,SPED & ELED,Yes,2 to 5,Weekly,Situation-Specific,"Game one: uno, game two: cribbage, game three: trouble, game four: sorry, game five: parcheesi, game six: monopoly, game seven: scrabble",5,0,0,0,0,0,0,0,1,1,1,0,1,0,0,0,0,0,0,0,0,0,0,0,0,0,0,0,0,0,0,0,0,0,0,0,0,0,0,0,0,0,0,0,0,0,0,0,0,0,0,0,0,0,0,0,0,0,0,0,0,Education
91,WWU Student,Man,23,Employed part-time,Glasses,Christianity,History,Yes,I do not own any board/card games. ,Rarely/Seldom,Casual,"“Monopoly”, “Cards Against Humanity”, “Jackbox”",1,0,0,0,0,0,0,0,1,1,1,0,0,1,1,1,0,0,0,0,0,0,1,0,0,0,0,1,0,0,0,0,0,0,0,0,0,0,0,1,0,1,0,0,0,0,0,1,0,0,0,0,0,0,0,1,0,0,0,0,0,Arts & Humanities
92,WWU Student,Gender-fluid ,18,Employed part-time,Glasses,Atheism,History,Yes,2 to 5,Every few months,Situation-Specific,,1,0,0,0,1,0,0,0,0,0,0,0,0,1,1,0,0,1,0,0,0,0,1,0,0,0,0,0,0,0,0,0,0,0,0,0,0,0,0,1,0,0,1,0,0,0,0,0,0,1,0,0,0,0,0,1,0,0,0,0,0,Arts & Humanities
93,WWU Student,Genderfluid,18,Unemployed,Glasses,No specific belief,Visual Journalism,Yes,5 to 10,Monthly,Situation-Specific,"""Speed (card game)"", ""Ticket to Ride"", ""Telestrations"", ""Smallworld"", ""Exploding Kittens""",4,0,0,0,0,0,0,0,1,1,0,0,1,1,1,0,1,1,0,0,0,0,0,0,0,0,0,0,0,0,0,1,0,0,0,0,0,1,0,1,0,0,1,0,0,0,0,0,0,0,0,0,0,0,0,0,0,1,0,0,0,Arts & Humanities
94,WWU Student,Woman,19,Unemployed,None,Atheism,Elementary education,Yes,1 or 2,Every few months,Situation-Specific,"The state game, mancala, bullsh*t (the card game), life",1,0,0,0,0,0,0,0,1,1,0,0,1,1,0,0,1,1,0,0,0,0,0,0,0,0,0,0,0,1,0,0,0,0,0,0,0,0,0,1,0,0,0,0,0,1,0,0,0,1,0,0,0,0,0,1,0,0,0,0,0,Education
95,WWU Student,Non-binary,22,Employed part-time,None,"Spiritual, not affiliated with a specific religion","Anthropology, Communication Studies",Yes,1 or 2,Rarely/Seldom,Simple,Uno,1,0,0,0,0,0,1,0,1,0,0,0,0,1,0,0,0,0,1,0,0,0,0,0,0,0,0,0,0,0,0,0,0,0,0,0,0,0,0,0,0,0,0,0,0,0,0,0,0,1,0,0,0,0,0,1,0,0,0,0,0,Social Studies
96,WWU Student,Gender queer,19,Employed full-time,Glasses,No specific belief,Theatre,Yes,10 to 20,Several times a month,Strategic,"MTG, Secret Hitler (Mafia), DnD, exploding kittens, You have grabs, monopoly",5,1,0,1,0,0,0,0,0,1,1,1,1,1,1,1,1,1,1,1,0,0,1,1,0,0,1,1,0,1,1,1,1,1,1,1,0,0,0,1,1,1,0,0,1,0,1,1,0,1,0,0,0,0,0,0,0,0,0,0,0,Arts & Humanities
97,WWU Faculty Member,Man,24,Employed full-time,None,Atheism,Studio Art,Yes,2 to 5,Every few months,Simple,"Uno, Dune, monopoly, sorry, exploding kittens, sushi go",7,0,0,0,1,0,0,0,0,0,0,0,0,0,0,0,1,0,0,1,0,0,0,0,0,1,0,0,0,0,1,0,0,0,1,0,0,0,0,0,0,0,1,0,0,0,0,0,0,0,0,0,0,0,0,0,0,0,0,0,0,Arts & Humanities
98,WWU Student,Woman,24,Employed part-time,Both,"Spiritual, not affiliated with a specific religion",Urban Planning and Sustainable Development,Yes,2 to 5,Rarely/Seldom,Situation-Specific,"Uno, poker, mancala, scattegories, cards against humanity, chess",10,0,0,0,1,0,0,0,1,1,1,1,1,1,1,0,1,0,0,1,1,1,1,0,1,1,0,0,0,0,0,1,1,1,0,1,1,0,0,1,1,1,1,1,0,1,1,0,1,1,0,0,1,1,1,0,1,1,0,0,1,Other
99,WWU Student,Woman,23,Unemployed,Both,Agnosticism,Urban Planning and Sustainable Development ,Yes,1 or 2,Rarely/Seldom,Situation-Specific,"“ Cribbage”, “uno”, “Cards Agains Humanity”, “Checkers”, “Spoons”",1,0,0,0,1,0,0,0,0,1,1,0,1,0,1,0,1,1,0,1,0,0,0,0,0,0,0,0,0,0,0,0,0,0,0,1,0,0,0,0,0,0,1,0,0,1,0,0,0,0,0,0,0,0,0,1,0,0,0,0,0,Other
100,WWU Student,Man,18,Unemployed,None,Agnosticism,,No,1 or 2,Rarely/Seldom,Casual,Binding of Isaac card game ,4,0,0,0,0,0,0,0,1,0,0,0,1,1,0,1,1,0,0,0,0,0,1,0,0,0,0,0,0,0,0,0,0,0,1,0,0,0,0,0,0,0,0,0,0,0,0,0,0,0,0,0,0,0,0,0,0,0,0,0,0,Unknown
101,WWU Student,Man,19,Unemployed,None,Christianity,,Yes,5 to 10,Several times a month,Situation-Specific,Game 1: settlers of Catan Game 2: uno Game 3:BS (card game) ,7,0,0,0,0,0,0,0,1,1,1,0,0,1,0,1,1,1,1,1,1,1,1,1,1,1,1,1,0,0,1,1,1,1,1,1,1,1,1,1,1,1,1,1,1,1,1,1,1,1,1,1,1,1,1,1,1,1,1,1,1,Unknown
102,WWU Student,Man,20,Unemployed,Glasses,Science,History ,Yes,1 or 2,Never,Casual,Battleship,7,0,0,0,1,0,0,0,0,0,1,0,0,0,0,0,1,0,0,0,0,0,1,0,0,0,0,0,1,0,0,0,0,1,0,0,0,0,0,0,0,0,0,0,0,0,1,0,0,0,0,0,0,0,0,0,1,0,0,1,0,Arts & Humanities
103,WWU Student,Man,18,Unemployed,None,No specific belief,Art and design ,Yes,5 to 10,Every few months,Casual,,5,0,0,0,0,0,0,0,1,1,1,0,1,1,1,0,1,1,0,0,0,0,0,0,0,0,0,0,0,0,0,0,0,0,0,0,0,0,0,0,0,0,0,0,0,0,0,0,0,0,0,0,0,0,0,0,0,0,0,0,0,Arts & Humanities
104,WWU Student,Woman,18,Unemployed,None,No specific belief,Kinesiology ,Yes,2 to 5,Every few months,Casual,"clue, tunk, poker, chess,",7,0,1,0,0,0,0,0,1,1,0,1,1,1,1,0,1,1,1,1,1,0,1,0,0,1,0,0,0,0,0,1,0,1,1,1,0,1,0,1,0,0,1,0,0,0,0,0,1,1,0,0,0,0,1,1,0,0,0,0,0,Health & Medicine
105,WWU Student,Man,18,Unemployed,Glasses,No specific belief,Environmental Science ,Yes,1 or 2,Several times a month,Casual,"Magic The Gathering, Catan",7,0,0,0,0,0,0,0,1,0,0,0,1,0,0,0,1,0,0,1,0,0,1,1,1,1,1,0,0,0,1,1,0,1,0,0,1,1,0,1,0,0,0,1,1,1,1,0,0,1,0,1,0,0,0,0,0,0,0,0,0,STEM
106,WWU Student,Woman,20,Unemployed,None,No specific belief,Spanish ,Yes,5 to 10,Monthly,Casual,"monopoly, ticket to ride, jenga, scrabble, ",1,0,0,0,0,0,0,0,1,1,0,0,0,1,0,0,0,0,0,0,0,0,1,0,0,0,0,0,0,0,1,0,0,0,0,0,0,1,0,1,0,0,1,0,0,0,0,0,1,0,0,0,1,0,1,0,0,0,0,0,0,Arts & Humanities
107,WWU Student,Woman,20,Employed part-time,Contacts,"Spiritual, not affiliated with a specific religion",Biochemistry ,No,I do not own any board/card games. ,Several times a month,Casual,Catan,2,0,0,0,1,0,0,0,1,1,1,0,0,1,0,0,0,0,0,1,1,0,1,1,1,1,0,0,0,0,0,0,0,0,0,0,0,0,0,0,0,0,0,0,0,0,0,0,0,0,0,0,0,0,0,0,0,0,0,0,0,STEM
108,WWU Student,Woman,22,Employed part-time,None,"Spiritual, not affiliated with a specific religion",Art Studio,Yes,1 or 2,Several times a month,Situation-Specific,,1,0,0,0,0,0,0,0,1,0,0,0,0,0,0,0,0,1,0,1,0,0,1,0,1,0,0,0,1,1,0,1,1,0,0,1,0,0,0,1,0,0,0,1,0,0,0,0,0,1,0,0,0,0,0,0,0,0,0,0,0,Arts & Humanities
109,WWU Student,Woman,21,Employed part-time,None,Atheism,Art ed,Yes,1 or 2,Never,Situation-Specific,"Game 1: Mancala, game 2: monopoly, game 3: uno",2,0,0,0,1,0,0,0,0,0,0,0,1,1,1,0,1,1,1,1,0,0,1,0,0,0,0,0,0,0,0,0,0,0,0,0,0,1,0,0,0,0,0,1,0,1,0,0,0,1,0,0,0,0,0,0,0,0,0,0,0,Arts & Humanities
110,WWU Student,Woman,24,Employed part-time,Glasses,No specific belief,Environmental studies ,Yes,2 to 5,Monthly,Casual,,5,0,0,0,0,0,0,0,1,0,1,0,1,1,0,0,0,1,0,0,0,0,1,0,0,0,1,0,0,0,1,0,0,1,0,1,0,1,0,1,0,0,1,0,0,0,0,0,1,0,0,0,0,0,0,1,0,0,0,0,0,STEM
111,WWU Student,Man,21,Employed part-time,None,Christianity,Computer Science,Yes,1 or 2,Monthly,Situation-Specific,"Monopoly, Settlers of Catan, Codenames",7,1,1,0,0,0,0,0,1,0,1,0,0,0,0,0,1,0,1,1,0,0,0,0,1,0,1,1,0,1,0,1,1,0,0,0,0,0,0,0,0,0,1,0,0,0,0,0,0,1,0,0,0,0,0,1,0,0,0,0,0,STEM
112,WWU Student,Woman,22,Employed part-time,Glasses,No specific belief,Comm,Yes,1 or 2,Monthly,Casual,Cards against humanity ,2,0,0,0,0,0,0,0,1,1,0,0,0,0,0,0,0,0,0,0,0,0,1,0,0,0,0,0,0,0,0,0,0,0,0,0,0,0,0,0,0,0,0,0,0,0,0,0,0,0,0,0,0,0,0,0,0,0,0,0,0,Other
